Configuration,Calibration_F1,HeldOut_Precision,HeldOut_Recall,HeldOut_F1
Isolation_Forest(contamination=0.01),0.0,0.0,0.0,0.0
Isolation_Forest(contamination=0.05),0.0,0.0,0.0,0.0
Isolation_Forest(contamination=0.1),0.023255813953488372,0.024963289280469897,0.0748,0.03743369032128916
Isolation_Forest(contamination=0.15),0.27677100494233936,0.18384189379954394,0.6772,0.28917926381416004
Isolation_Forest(contamination=0.2),0.29455081001472755,0.1899092970521542,0.804,0.30724549067563434
Isolation_Forest(contamination=0.25),0.29411764705882354,0.19015370567645715,0.9996,0.31952435749904107
Isolation_Forest(contamination=0.3),0.292326431181486,0.18790886532822015,0.9996,0.3163491360212672
Isolation_Forest(contamination=0.35),0.2843601895734597,0.18094272681196147,0.9996,0.3064189810557293
Isolation_Forest(contamination=0.4),0.25236593059936907,0.1555168336548634,0.9996,0.26915827454359414
One_Class_SVM(nu=0.01),0.17518248175182483,0.1,1.0,0.18181818181818182
One_Class_SVM(nu=0.05),0.17518248175182483,0.1,1.0,0.18181818181818182
One_Class_SVM(nu=0.1),0.17518248175182483,0.1,1.0,0.18181818181818182
One_Class_SVM(nu=0.15),0.17518248175182483,0.1,1.0,0.18181818181818182
One_Class_SVM(nu=0.2),0.17518248175182483,0.1,1.0,0.18181818181818182
One_Class_SVM(nu=0.25),0.17518248175182483,0.1,1.0,0.18181818181818182
One_Class_SVM(nu=0.3),0.17518248175182483,0.1,1.0,0.18181818181818182
One_Class_SVM(nu=0.35),0.17518248175182483,0.1,1.0,0.18181818181818182
One_Class_SVM(nu=0.4),0.17518248175182483,0.1,1.0,0.18181818181818182
Local_Outlier_Factor(contamination=0.01),0.3553530751708428,0.2356897091022834,0.6028,0.3388801439172476
Local_Outlier_Factor(contamination=0.05),0.17518248175182483,0.1,1.0,0.18181818181818182
Local_Outlier_Factor(contamination=0.1),0.17518248175182483,0.1,1.0,0.18181818181818182
Local_Outlier_Factor(contamination=0.15),0.17518248175182483,0.1,1.0,0.18181818181818182
Local_Outlier_Factor(contamination=0.2),0.17518248175182483,0.1,1.0,0.18181818181818182
Local_Outlier_Factor(contamination=0.25),0.17518248175182483,0.1,1.0,0.18181818181818182
Local_Outlier_Factor(contamination=0.3),0.17518248175182483,0.1,1.0,0.18181818181818182
Local_Outlier_Factor(contamination=0.35),0.17518248175182483,0.1,1.0,0.18181818181818182
Local_Outlier_Factor(contamination=0.4),0.17518248175182483,0.1,1.0,0.18181818181818182
Autoencoder(threshold=percentile50),0.05673758865248227,0.10792165569740703,0.5444,0.1801336774535107
Autoencoder(threshold=percentile60),0.0,0.0,0.0,0.0
Autoencoder(threshold=percentile70),0.0,0.0,0.0,0.0
Autoencoder(threshold=percentile75),0.0,0.0,0.0,0.0
Autoencoder(threshold=percentile80),0.0,0.0,0.0,0.0
Autoencoder(threshold=percentile85),0.0,0.0,0.0,0.0
Autoencoder(threshold=percentile90),0.0,0.0,0.0,0.0
Autoencoder(threshold=mean_2std),0.0,0.0,0.0,0.0
Autoencoder(threshold=mean_3std),0.0,0.0,0.0,0.0
Autoencoder(threshold=mean_4std),0.0,0.0,0.0,0.0
Autoencoder(threshold=percentile95),0.0,0.0,0.0,0.0
Autoencoder(threshold=percentile99),0.0,0.0,0.0,0.0
"Ensemble(weights=(0.25, 0.25, 0.25, 0.25), pct=50)",0.3010752688172043,0.19884460817146685,0.95,0.3288562725006923
"Ensemble(weights=(0.25, 0.25, 0.25, 0.25), pct=60)",0.2709677419354839,0.18114701476567516,0.6772,0.28583488097248017
"Ensemble(weights=(0.25, 0.25, 0.25, 0.25), pct=70)",0.01616161616161616,0.015245707519242155,0.0412,0.022255834053586863
"Ensemble(weights=(0.25, 0.25, 0.25, 0.25), pct=80)",0.0,0.0,0.0,0.0
"Ensemble(weights=(0.25, 0.25, 0.25, 0.25), pct=85)",0.0,0.0,0.0,0.0
"Ensemble(weights=(0.25, 0.25, 0.25, 0.25), pct=90)",0.0,0.0,0.0,0.0
"Ensemble(weights=(0.25, 0.25, 0.25, 0.25), pct=95)",0.0,0.0,0.0,0.0
"Ensemble(weights=(0.4, 0.2, 0.2, 0.2), pct=50)",0.3006711409395973,0.19969730093332214,0.95,0.3300215382477593
"Ensemble(weights=(0.4, 0.2, 0.2, 0.2), pct=60)",0.2709677419354839,0.1817888972404166,0.6772,0.28663337001608397
"Ensemble(weights=(0.4, 0.2, 0.2, 0.2), pct=70)",0.01616161616161616,0.015187260395163668,0.0412,0.022193492781728077
"Ensemble(weights=(0.4, 0.2, 0.2, 0.2), pct=80)",0.0,0.0,0.0,0.0
"Ensemble(weights=(0.4, 0.2, 0.2, 0.2), pct=85)",0.0,0.0,0.0,0.0
"Ensemble(weights=(0.4, 0.2, 0.2, 0.2), pct=90)",0.0,0.0,0.0,0.0
"Ensemble(weights=(0.4, 0.2, 0.2, 0.2), pct=95)",0.0,0.0,0.0,0.0
"Ensemble(weights=(0.2, 0.4, 0.2, 0.2), pct=50)",0.3010752688172043,0.19884460817146685,0.95,0.3288562725006923
"Ensemble(weights=(0.2, 0.4, 0.2, 0.2), pct=60)",0.2709677419354839,0.18116639914392724,0.6772,0.2858590122414521
"Ensemble(weights=(0.2, 0.4, 0.2, 0.2), pct=70)",0.01616161616161616,0.015245707519242155,0.0412,0.022255834053586863
"Ensemble(weights=(0.2, 0.4, 0.2, 0.2), pct=80)",0.0,0.0,0.0,0.0
"Ensemble(weights=(0.2, 0.4, 0.2, 0.2), pct=85)",0.0,0.0,0.0,0.0
"Ensemble(weights=(0.2, 0.4, 0.2, 0.2), pct=90)",0.0,0.0,0.0,0.0
"Ensemble(weights=(0.2, 0.4, 0.2, 0.2), pct=95)",0.0,0.0,0.0,0.0
"Ensemble(weights=(0.2, 0.2, 0.4, 0.2), pct=50)",0.2738255033557047,0.17788826156568635,0.8444,0.29386789169624833
"Ensemble(weights=(0.2, 0.2, 0.4, 0.2), pct=60)",0.23548387096774193,0.15649783229353917,0.592,0.2475537342142678
"Ensemble(weights=(0.2, 0.2, 0.4, 0.2), pct=70)",0.01616161616161616,0.015155974102413185,0.0412,0.022160068846815834
"Ensemble(weights=(0.2, 0.2, 0.4, 0.2), pct=80)",0.0,0.0,0.0,0.0
"Ensemble(weights=(0.2, 0.2, 0.4, 0.2), pct=85)",0.0,0.0,0.0,0.0
"Ensemble(weights=(0.2, 0.2, 0.4, 0.2), pct=90)",0.0,0.0,0.0,0.0
"Ensemble(weights=(0.2, 0.2, 0.4, 0.2), pct=95)",0.0,0.0,0.0,0.0
"Ensemble(weights=(0.2, 0.2, 0.2, 0.4), pct=50)",0.2956989247311828,0.19693008349498187,0.934,0.3252768684265515
"Ensemble(weights=(0.2, 0.2, 0.2, 0.4), pct=60)",0.2709677419354839,0.18112763453514497,0.6772,0.2858107537773276
"Ensemble(weights=(0.2, 0.2, 0.2, 0.4), pct=70)",0.01616161616161616,0.015236686390532545,0.0412,0.02224622030237581
"Ensemble(weights=(0.2, 0.2, 0.2, 0.4), pct=80)",0.0,0.0,0.0,0.0
"Ensemble(weights=(0.2, 0.2, 0.2, 0.4), pct=85)",0.0,0.0,0.0,0.0
"Ensemble(weights=(0.2, 0.2, 0.2, 0.4), pct=90)",0.0,0.0,0.0,0.0
"Ensemble(weights=(0.2, 0.2, 0.2, 0.4), pct=95)",0.0,0.0,0.0,0.0
"Ensemble(weights=(0.5, 0.5, 0.0, 0.0), pct=50)",0.31024930747922436,0.20668349142807416,0.95,0.339503966835823
"Ensemble(weights=(0.5, 0.5, 0.0, 0.0), pct=60)",0.27741935483870966,0.18732049781938093,0.7044,0.2959415175195362
"Ensemble(weights=(0.5, 0.5, 0.0, 0.0), pct=70)",0.01616161616161616,0.015012388864596998,0.0412,0.0220061959192394
"Ensemble(weights=(0.5, 0.5, 0.0, 0.0), pct=80)",0.0,0.0,0.0,0.0
"Ensemble(weights=(0.5, 0.5, 0.0, 0.0), pct=85)",0.0,0.0,0.0,0.0
"Ensemble(weights=(0.5, 0.5, 0.0, 0.0), pct=90)",0.0,0.0,0.0,0.0
"Ensemble(weights=(0.5, 0.5, 0.0, 0.0), pct=95)",0.0,0.0,0.0,0.0
"Ensemble(weights=(0.0, 0.5, 0.0, 0.5), pct=50)",0.13154362416107382,0.07804255319148937,0.3668,0.1287017543859649
"Ensemble(weights=(0.0, 0.5, 0.0, 0.5), pct=60)",0.0,0.0,0.0,0.0
"Ensemble(weights=(0.0, 0.5, 0.0, 0.5), pct=70)",0.0,0.0,0.0,0.0
"Ensemble(weights=(0.0, 0.5, 0.0, 0.5), pct=80)",0.0,0.0,0.0,0.0
"Ensemble(weights=(0.0, 0.5, 0.0, 0.5), pct=85)",0.0,0.0,0.0,0.0
"Ensemble(weights=(0.0, 0.5, 0.0, 0.5), pct=90)",0.0,0.0,0.0,0.0
"Ensemble(weights=(0.0, 0.5, 0.0, 0.5), pct=95)",0.0,0.0,0.0,0.0
